"","K00466","K01593","K01426","K04103","K00274","K00128a","K00128b","sum","gut","sum_score"
"Enterobacter cloacae",0,0,0.5,0.5,0,0.5,0.333333333333333,4,1,1.83333333333333
"Enterobacter kobei",0,0,0,0.5,0,0.5,0.333333333333333,3,1,1.33333333333333
"Enterobacter ludwigii",0,0,0,0.5,0,0.5,0.333333333333333,3,1,1.33333333333333
"Enterobacter hormaechei",0,0,0,0.5,0,0.5,0.333333333333333,3,1,1.33333333333333
"Enterobacter asburiae",0,0,0,0.5,0,0.5,0.333333333333333,3,1,1.33333333333333
"Klebsiella pneumoniae",0,0,0.5,0.5,0,0.5,0.333333333333333,4,1,1.83333333333333
"Klebsiella sp.",0,0,0.5,0.5,0,0.5,0.333333333333333,4,1,1.83333333333333
"Escherichia coli",0,0,0.5,0.5,0,0.5,0.333333333333333,4,1,1.83333333333333
"Klebsiella variicola",0,0,0.5,0.5,0,0.5,0.333333333333333,4,1,1.83333333333333
"Cedecea neteri",0,0,0,0.5,0,0.5,0.333333333333333,3,1,1.33333333333333
"Klebsiella aerogenes",0,0,0.5,0.5,0,0.5,0.333333333333333,4,1,1.83333333333333
"Salmonella enterica",0,0,0,0.5,0,0.5,0.333333333333333,3,1,1.33333333333333
"Raoultella ornithinolytica",0,0,0.5,0.5,0,0.5,0.333333333333333,4,1,1.83333333333333
"Klebsiella oxytoca",0,0,0.5,0.5,0,0.5,0.333333333333333,4,1,1.83333333333333
"Raoultella planticola",0,0,0.5,0.5,0,0.5,0.333333333333333,4,1,1.83333333333333
"Raoultella terrigena",0,0,0.5,0.5,0,0.5,0.333333333333333,4,1,1.83333333333333
"Leclercia adecarboxylata",0,0,0.5,0.5,0,0.5,0.333333333333333,4,1,1.83333333333333
"Lelliottia amnigena",0,0,0.5,0.5,0,0.5,0.333333333333333,4,1,1.83333333333333
"Serratia marcescens",0,0,0,0.5,0,0.5,0.333333333333333,3,1,1.33333333333333
"Pantoea agglomerans",0,0,0,0,0,0.5,0.333333333333333,2,1,0.833333333333333
"Hafnia alvei",0,0,0,0.5,0,0.5,0.333333333333333,3,1,1.33333333333333
"Stenotrophomonas maltophilia",0,0,0.5,0,0,0.5,0.333333333333333,3,1,1.33333333333333
"Stenotrophomonas acidaminiphila",0,0,0.5,0,0,0.5,0.333333333333333,3,1,1.33333333333333
"Stenotrophomonas rhizophila",0,0,0.5,0,0.333333333333333,0.5,0.333333333333333,4,1,1.66666666666667
"Vibrio mimicus",0,0,0,0,0,0.5,0.333333333333333,2,1,0.833333333333333
"Vibrio parahaemolyticus",0,0,0,0,0,0.5,0.333333333333333,2,1,0.833333333333333
"Pseudomonas aeruginosa",0.5,0,0.5,0,0.333333333333333,0.5,0.333333333333333,5,1,2.16666666666667
"Acinetobacter baumannii",0,0,0.5,0.5,0.333333333333333,0.5,0.333333333333333,5,1,2.16666666666667
"Pseudomonas putida",0.5,0.333333333333333,0.5,0,0.333333333333333,0.5,0.333333333333333,6,1,2.5
"Pseudomonas monteilii",0.5,0.333333333333333,0.5,0,0.333333333333333,0.5,0.333333333333333,6,1,2.5
"Pseudomonas mosselii",0.5,0.333333333333333,0.5,0,0.333333333333333,0.5,0.333333333333333,6,1,2.5
"Pseudomonas fulva",0,0,0.5,0,0,0.5,0.333333333333333,3,1,1.33333333333333
"Pseudomonas oryzihabitans",0,0,0.5,0,0.333333333333333,0.5,0.333333333333333,4,1,1.66666666666667
"Pseudomonas oleovorans",0,0,0.5,0,0.333333333333333,0.5,0.333333333333333,4,1,1.66666666666667
"Pseudomonas caricapapayae",0.5,0,0,0,0.333333333333333,0.5,0.333333333333333,4,1,1.66666666666667
"Pseudomonas fluorescens",0.5,0.333333333333333,0.5,0,0.333333333333333,0.5,0.333333333333333,6,1,2.5
"Pseudomonas chlororaphis",0.5,0,0.5,0,0.333333333333333,0.5,0.333333333333333,5,1,2.16666666666667
"Pseudomonas migulae",0.5,0,0,0,0,0.5,0.333333333333333,3,1,1.33333333333333
"Pseudomonas tolaasii",0.5,0,0.5,0,0,0.5,0.333333333333333,4,1,1.83333333333333
"Pseudomonas libanensis",0.5,0.333333333333333,0.5,0,0.333333333333333,0.5,0.333333333333333,6,1,2.5
"Pseudomonas rhodesiae",0.5,0,0.5,0,0,0.5,0.333333333333333,4,1,1.83333333333333
"Pseudomonas gessardii",0.5,0,0.5,0,0,0.5,0.333333333333333,4,1,1.83333333333333
"Pseudomonas stutzeri",0,0,0.5,0,0.333333333333333,0.5,0.333333333333333,4,1,1.66666666666667
"Streptococcus pneumoniae",0,0,0.5,0,0.333333333333333,0.5,0.333333333333333,4,1,1.66666666666667
"Pseudomonas xanthomarina",0,0,0,0,0,0.5,0.333333333333333,2,1,0.833333333333333
"Pseudomonas nitroreducens",0.5,0,0.5,0,0,0.5,0.333333333333333,4,1,1.83333333333333
"Pseudomonas fragi",0.5,0,0.5,0,0,0.5,0.333333333333333,4,1,1.83333333333333
"Pseudomonas taetrolens",0,0,0,0,0,0.5,0.333333333333333,2,1,0.833333333333333
"Acinetobacter pittii",0,0,0.5,0,0.333333333333333,0.5,0.333333333333333,4,1,1.66666666666667
"Acinetobacter calcoaceticus",0,0,0.5,0,0,0.5,0.333333333333333,3,1,1.33333333333333
"Virgibacillus halodenitrificans",0,0,0.5,0,0,0.5,0.333333333333333,3,1,1.33333333333333
"Chromohalobacter japonicus",0,0,0,0,0,0.5,0.333333333333333,2,1,0.833333333333333
"Ralstonia pickettii",0,0,0.5,0,0.333333333333333,0.5,0.333333333333333,4,1,1.66666666666667
"Ralstonia mannitolilytica",0,0,0.5,0,0,0.5,0.333333333333333,3,1,1.33333333333333
"Cupriavidus metallidurans",0,0,0.5,0,0,0.5,0.333333333333333,3,1,1.33333333333333
"Burkholderia cepacia",0.5,0.333333333333333,0.5,0,0.333333333333333,0.5,0.333333333333333,6,1,2.5
"Bordetella bronchiseptica",0,0,0.5,0,0,0.5,0.333333333333333,3,1,1.33333333333333
"Bordetella hinzii",0,0,0.5,0,0,0.5,0.333333333333333,3,1,1.33333333333333
"Bordetella trematum",0,0,0.5,0,0,0.5,0.333333333333333,3,1,1.33333333333333
"Achromobacter xylosoxidans",0,0,0.5,0,0,0.5,0.333333333333333,3,1,1.33333333333333
"Achromobacter denitrificans",0,0,0.5,0,0,0.5,0.333333333333333,3,1,1.33333333333333
"Alcaligenes faecalis",0,0,0.5,0,0.333333333333333,0.5,0.333333333333333,4,1,1.66666666666667
"Delftia acidovorans",0,0,0.5,0,0,0.5,0.333333333333333,3,1,1.33333333333333
"Delftia tsuruhatensis",0,0,0.5,0,0,0.5,0.333333333333333,3,1,1.33333333333333
"Variovorax boronicumulans",0,0,0.5,0,0,0.5,0.333333333333333,3,1,1.33333333333333
"Comamonas testosteroni",0,0,0.5,0,0.333333333333333,0.5,0.333333333333333,4,1,1.66666666666667
"Oxalobacter formigenes",0,0,0,0,0,0.5,0.333333333333333,2,1,0.833333333333333
"Mesorhizobium loti",0.5,0.333333333333333,0.5,0,0.333333333333333,0.5,0.333333333333333,6,1,2.5
"Ochrobactrum intermedium",0,0,0.5,0,0,0.5,0.333333333333333,3,1,1.33333333333333
"Agrobacterium tumefaciens",0.5,0,0.5,0,0,0.5,0.333333333333333,4,1,1.83333333333333
"Ochrobactrum anthropi",0,0,0.5,0,0,0.5,0.333333333333333,3,1,1.33333333333333
"Bradyrhizobium japonicum",0,0,0.5,0,0.333333333333333,0.5,0.333333333333333,4,1,1.66666666666667
"Bradyrhizobium elkanii",0,0,0.5,0,0,0.5,0.333333333333333,3,1,1.33333333333333
"Bartonella vinsonii",0,0,0,0,0,0.5,0.333333333333333,2,1,0.833333333333333
"Methylobacterium radiotolerans",0,0,0.5,0,0.333333333333333,0.5,0.333333333333333,4,1,1.66666666666667
"Methylobacterium mesophilicum",0,0,0.5,0,0,0.5,0.333333333333333,3,1,1.33333333333333
"Methylorubrum populi",0,0,0.5,0,0.333333333333333,0.5,0.333333333333333,4,1,1.66666666666667
"Brevundimonas diminuta",0,0,0,0,0,0.5,0.333333333333333,2,1,0.833333333333333
"Brevundimonas vesicularis",0,0,0.5,0,0.333333333333333,0.5,0.333333333333333,4,1,1.66666666666667
"Paracoccus yeei",0,0,0,0,0,0.5,0.333333333333333,2,1,0.833333333333333
"Acetobacter pasteurianus",0,0,0,0,0,0.5,0.333333333333333,2,1,0.833333333333333
"Roseomonas gilardii",0,0,0.5,0,0.333333333333333,0.5,0.333333333333333,4,1,1.66666666666667
"Bacillus subtilis",0,0,0.5,0.5,0.333333333333333,0.5,0.333333333333333,5,1,2.16666666666667
"Bacillus sp.",0,0,0.5,0.5,0.333333333333333,0.5,0.333333333333333,5,1,2.16666666666667
"Bacillus halotolerans",0,0,0,0,0,0.5,0.333333333333333,2,1,0.833333333333333
"Bacillus mojavensis",0,0,0,0,0,0.5,0.333333333333333,2,1,0.833333333333333
"Bacillus vallismortis",0,0,0,0,0,0.5,0.333333333333333,2,1,0.833333333333333
"Bacillus amyloliquefaciens",0,0,0.5,0,0,0.5,0.333333333333333,3,1,1.33333333333333
"Bacillus velezensis",0,0,0,0,0,0.5,0.333333333333333,2,1,0.833333333333333
"Bacillus licheniformis",0,0,0.5,0,0,0.5,0.333333333333333,3,1,1.33333333333333
"Mycobacteroides abscessus",0.5,0,0.5,0,0.333333333333333,0.5,0.333333333333333,5,1,2.16666666666667
"Bacillus atrophaeus",0,0,0,0,0,0.5,0.333333333333333,2,1,0.833333333333333
"Bacillus halodurans",0,0,0.5,0,0,0.5,0.333333333333333,3,1,1.33333333333333
"Bacillus okuhidensis",0,0,0,0,0,0.5,0.333333333333333,2,1,0.833333333333333
"Bacillus cereus",0,0,0.5,0.5,0.333333333333333,0.5,0.333333333333333,5,1,2.16666666666667
"Bacillus thuringiensis",0,0,0.5,0.5,0.333333333333333,0.5,0.333333333333333,5,1,2.16666666666667
"Bacillus mycoides",0,0,0.5,0.5,0.333333333333333,0.5,0.333333333333333,5,1,2.16666666666667
"Bacillus pseudomycoides",0,0,0.5,0,0.333333333333333,0.5,0.333333333333333,4,1,1.66666666666667
"Bacillus clausii",0,0,0.5,0,0,0.5,0.333333333333333,3,1,1.33333333333333
"Bacillus pumilus",0,0,0.5,0,0,0.5,0.333333333333333,3,1,1.33333333333333
"Bacillus altitudinis",0,0,0.5,0,0,0.5,0.333333333333333,3,1,1.33333333333333
"Bacillus pseudofirmus",0,0,0.5,0,0.333333333333333,0.5,0.333333333333333,4,1,1.66666666666667
"Bacillus megaterium",0,0,0.5,0,0,0.5,0.333333333333333,3,1,1.33333333333333
"Bacillus coagulans",0,0,0.5,0,0,0.5,0.333333333333333,3,1,1.33333333333333
"Bacillus infantis",0,0,0.5,0,0.333333333333333,0.5,0.333333333333333,4,1,1.66666666666667
"Bacillus firmus",0,0,0.5,0,0,0.5,0.333333333333333,3,1,1.33333333333333
"Bacillus endophyticus",0,0,0.5,0,0,0.5,0.333333333333333,3,1,1.33333333333333
"Bacillus simplex",0,0,0,0,0.333333333333333,0.5,0.333333333333333,3,1,1.16666666666667
"Paenibacillus sp.",0,0,0.5,0,0.333333333333333,0.5,0.333333333333333,4,1,1.66666666666667
"Bacillus sonorensis",0,0,0,0,0,0.5,0.333333333333333,2,1,0.833333333333333
"Bacillus flexus",0,0,0.5,0,0,0.5,0.333333333333333,3,1,1.33333333333333
"Oceanobacillus iheyensis",0,0,0.5,0,0.333333333333333,0.5,0.333333333333333,4,1,1.66666666666667
"Geobacillus stearothermophilus",0,0,0.5,0,0.333333333333333,0.5,0.333333333333333,4,1,1.66666666666667
"Geobacillus vulcani",0,0,0,0,0,0.5,0.333333333333333,2,1,0.833333333333333
"Anoxybacillus flavithermus",0,0,0,0,0,0.5,0.333333333333333,2,1,0.833333333333333
"Lysinibacillus sphaericus",0,0,0.5,0,0,0.5,0.333333333333333,3,1,1.33333333333333
"Lysinibacillus fusiformis",0,0,0.5,0,0,0.5,0.333333333333333,3,1,1.33333333333333
"Lysinibacillus boronitolerans",0,0,0.5,0,0,0.5,0.333333333333333,3,1,1.33333333333333
"Terribacillus aidingensis",0,0,0.5,0,0,0.5,0.333333333333333,3,1,1.33333333333333
"Terribacillus halophilus",0,0,0,0,0,0.5,0.333333333333333,2,1,0.833333333333333
"Virgibacillus pantothenticus",0,0,0.5,0,0,0.5,0.333333333333333,3,1,1.33333333333333
"Virgibacillus dokdonensis",0,0,0.5,0,0,0.5,0.333333333333333,3,1,1.33333333333333
"Fictibacillus arsenicus",0,0,0.5,0,0.333333333333333,0.5,0.333333333333333,4,1,1.66666666666667
"Salimicrobium jeotgali",0,0,0.5,0,0,0.5,0.333333333333333,3,1,1.33333333333333
"Aeribacillus pallidus",0,0,0,0,0,0.5,0.333333333333333,2,1,0.833333333333333
"Staphylococcus aureus",0,0,0,0,0,0.5,0.333333333333333,2,1,0.833333333333333
"Staphylococcus sp.",0,0,0,0,0,0.5,0.333333333333333,2,1,0.833333333333333
"Staphylococcus epidermidis",0,0,0,0,0,0.5,0.333333333333333,2,1,0.833333333333333
"Staphylococcus haemolyticus",0,0,0,0,0,0.5,0.333333333333333,2,1,0.833333333333333
"Staphylococcus hominis",0,0,0,0,0,0.5,0.333333333333333,2,1,0.833333333333333
"Staphylococcus saprophyticus",0,0,0,0,0,0.5,0.333333333333333,2,1,0.833333333333333
"Staphylococcus carnosus",0,0,0,0,0,0.5,0.333333333333333,2,1,0.833333333333333
"Staphylococcus condimenti",0,0,0,0,0,0.5,0.333333333333333,2,1,0.833333333333333
"Staphylococcus lugdunensis",0,0,0,0,0,0.5,0.333333333333333,2,1,0.833333333333333
"Staphylococcus intermedius",0,0,0,0,0,0.5,0.333333333333333,2,1,0.833333333333333
"Staphylococcus warneri",0,0,0,0,0,0.5,0.333333333333333,2,1,0.833333333333333
"Staphylococcus pasteuri",0,0,0,0,0,0.5,0.333333333333333,2,1,0.833333333333333
"Staphylococcus xylosus",0,0,0,0,0,0.5,0.333333333333333,2,1,0.833333333333333
"Staphylococcus sciuri",0,0,0,0,0,0.5,0.333333333333333,2,1,0.833333333333333
"Staphylococcus hyicus",0,0,0,0,0,0.5,0.333333333333333,2,1,0.833333333333333
"Staphylococcus capitis",0,0,0,0,0,0.5,0.333333333333333,2,1,0.833333333333333
"Staphylococcus caprae",0,0,0,0,0,0.5,0.333333333333333,2,1,0.833333333333333
"Staphylococcus schleiferi",0,0,0,0,0,0.5,0.333333333333333,2,1,0.833333333333333
"Staphylococcus equorum",0,0,0,0,0,0.5,0.333333333333333,2,1,0.833333333333333
"Staphylococcus simulans",0,0,0,0,0,0.5,0.333333333333333,2,1,0.833333333333333
"Staphylococcus pettenkoferi",0,0,0,0,0,0.5,0.333333333333333,2,1,0.833333333333333
"Staphylococcus cohnii",0,0,0,0,0,0.5,0.333333333333333,2,1,0.833333333333333
"Staphylococcus nepalensis",0,0,0,0,0.333333333333333,0.5,0.333333333333333,3,1,1.16666666666667
"Brochothrix thermosphacta",0,0,0,0,0,0.5,0.333333333333333,2,1,0.833333333333333
"Brevibacillus laterosporus",0,0,0,0,0,0.5,0.333333333333333,2,1,0.833333333333333
"Paenibacillus lautus",0,0,0.5,0,0.333333333333333,0.5,0.333333333333333,4,1,1.66666666666667
"Paenibacillus polymyxa",0,0,0.5,0,0.333333333333333,0.5,0.333333333333333,4,1,1.66666666666667
"Paenibacillus jamilae",0,0,0.5,0,0,0.5,0.333333333333333,3,1,1.33333333333333
"Paenibacillus larvae",0,0,0,0,0,0.5,0.333333333333333,2,1,0.833333333333333
"Paenibacillus durus",0,0,0.5,0,0,0.5,0.333333333333333,3,1,1.33333333333333
"Paenibacillus borealis",0,0,0.5,0,0,0.5,0.333333333333333,3,1,1.33333333333333
"Paenibacillus graminis",0,0,0.5,0,0,0.5,0.333333333333333,3,1,1.33333333333333
"Paenibacillus odorifer",0,0,0.5,0,0,0.5,0.333333333333333,3,1,1.33333333333333
"Paenibacillus stellifer",0,0,0.5,0,0,0.5,0.333333333333333,3,1,1.33333333333333
"Paenibacillus naphthalenovorans",0,0,0.5,0,0,0.5,0.333333333333333,3,1,1.33333333333333
"Paenibacillus amylolyticus",0,0,0.5,0,0,0.5,0.333333333333333,3,1,1.33333333333333
"Solibacillus silvestris",0,0,0,0,0,0.5,0.333333333333333,2,1,0.833333333333333
"Planococcus rifietoensis",0,0,0.5,0,0,0.5,0.333333333333333,3,1,1.33333333333333
"Kurthia gibsonii",0,0,0,0,0,0.5,0.333333333333333,2,1,0.833333333333333
"Enterococcus mundtii",0,0,0.5,0,0,0.5,0.333333333333333,3,1,1.33333333333333
"Vagococcus teuberi",0,0,0.5,0,0,0.5,0.333333333333333,3,1,1.33333333333333
"Vagococcus penaei",0,0,0,0,0,0.5,0.333333333333333,2,1,0.833333333333333
"Leuconostoc gelidum",0,0,0,0,0,0.5,0.333333333333333,2,1,0.833333333333333
"Aerococcus viridans",0,0,0.5,0,0,0.5,0.333333333333333,3,1,1.33333333333333
"Clostridium perfringens",0,0,0,0,0,0.5,0.333333333333333,2,1,0.833333333333333
"Clostridium tetani",0,0,0,0,0,0.5,0.333333333333333,2,1,0.833333333333333
"Clostridium botulinum",0,0,0,0,0.333333333333333,0.5,0.333333333333333,3,1,1.16666666666667
"Clostridium sp.",0,0,0,0,0.333333333333333,0.5,0.333333333333333,3,1,1.16666666666667
"Clostridium beijerinckii",0,0,0,0,0.333333333333333,0.5,0.333333333333333,3,1,1.16666666666667
"Clostridium diolis",0,0,0,0,0.333333333333333,0.5,0.333333333333333,3,1,1.16666666666667
"Clostridium saccharoperbutylacetonicum",0,0,0,0,0.333333333333333,0.5,0.333333333333333,3,1,1.16666666666667
"Clostridium baratii",0,0,0,0,0,0.5,0.333333333333333,2,1,0.833333333333333
"Clostridium sporogenes",0,0,0,0,0.333333333333333,0.5,0.333333333333333,3,1,1.16666666666667
"Clostridium butyricum",0,0,0,0,0.333333333333333,0.5,0.333333333333333,3,1,1.16666666666667
"Clostridium chauvoei",0,0,0,0,0,0.5,0.333333333333333,2,1,0.833333333333333
"Hungateiclostridium clariflavum",0,0,0,0,0.333333333333333,0.5,0.333333333333333,3,1,1.16666666666667
"Ruminococcus sp.",0,0,0,0,0,0.5,0.333333333333333,2,1,0.833333333333333
"Blautia massiliensis",0,0,0,0,0,0.5,0.333333333333333,2,1,0.833333333333333
"Butyrivibrio fibrisolvens",0,0,0,0,0,0.5,0.333333333333333,2,1,0.833333333333333
"Cellulosilyticum lentocellum",0,0,0,0,0,0.5,0.333333333333333,2,1,0.833333333333333
"Coprococcus catus",0,0,0,0,0,0.5,0.333333333333333,2,1,0.833333333333333
"Blautia obeum",0,0,0,0,0,0.5,0.333333333333333,2,1,0.833333333333333
"Blautia hansenii",0,0,0,0,0,0.5,0.333333333333333,2,1,0.833333333333333
"Lachnospiraceae bacterium",0,0,0,0,0,0.5,0.333333333333333,2,1,0.833333333333333
"Anaerostipes hadrus",0,0,0,0,0,0.5,0.333333333333333,2,1,0.833333333333333
"Clostridioides difficile",0,0,0,0,0,0.5,0.333333333333333,2,1,0.833333333333333
"Filifactor alocis",0,0,0,0,0,0.5,0.333333333333333,2,1,0.833333333333333
"Paeniclostridium sordellii",0,0,0.5,0,0,0.5,0.333333333333333,3,1,1.33333333333333
"Desulfitobacterium hafniense",0,0,0,0,0,0.5,0.333333333333333,2,1,0.833333333333333
"Eubacterium eligens",0,0,0,0,0,0.5,0.333333333333333,2,1,0.833333333333333
"Intestinimonas butyriciproducens",0,0,0,0,0,0.5,0.333333333333333,2,1,0.833333333333333
"Flavonifractor plautii",0,0,0,0,0,0.5,0.333333333333333,2,1,0.833333333333333
"Eubacterium sulci",0,0,0,0,0,0.5,0.333333333333333,2,1,0.833333333333333
"Finegoldia magna",0,0,0,0,0,0.5,0.333333333333333,2,1,0.833333333333333
"Anaerococcus prevotii",0,0,0,0,0,0.5,0.333333333333333,2,1,0.833333333333333
"Parvimonas micra",0,0,0,0,0,0.5,0.333333333333333,2,1,0.833333333333333
"Acidaminococcus intestini",0,0,0,0,0,0.5,0.333333333333333,2,1,0.833333333333333
"Faecalitalea cylindroides",0,0,0,0,0,0.5,0.333333333333333,2,1,0.833333333333333
"Turicibacter sanguinis",0,0,0,0,0,0.5,0.333333333333333,2,1,0.833333333333333
"Erysipelotrichaceae bacterium",0,0,0,0,0,0.5,0.333333333333333,2,1,0.833333333333333
"Clostridium innocuum",0,0,0,0,0,0.5,0.333333333333333,2,1,0.833333333333333
"Mycobacterium tuberculosis",0,0,0.5,0.5,0.333333333333333,0.5,0.333333333333333,5,1,2.16666666666667
"Mycobacterium avium",0,0,0.5,0,0.333333333333333,0.5,0.333333333333333,4,1,1.66666666666667
"Mycobacterium colombiense",0,0,0.5,0,0.333333333333333,0.5,0.333333333333333,4,1,1.66666666666667
"Mycolicibacterium fortuitum",0,0,0.5,0,0.333333333333333,0.5,0.333333333333333,4,1,1.66666666666667
"Mycobacterium kansasii",0,0,0.5,0,0.333333333333333,0.5,0.333333333333333,4,1,1.66666666666667
"Corynebacterium efficiens",0,0,0,0,0,0.5,0.333333333333333,2,1,0.833333333333333
"Corynebacterium variabile",0,0,0.5,0,0,0.5,0.333333333333333,3,1,1.33333333333333
"Corynebacterium sp.",0,0,0.5,0.5,0,0.5,0.333333333333333,4,1,1.83333333333333
"Corynebacterium ammoniagenes",0,0,0.5,0,0,0.5,0.333333333333333,3,1,1.33333333333333
"Rhodococcus rhodochrous",0,0,0.5,0,0.333333333333333,0.5,0.333333333333333,4,1,1.66666666666667
"Rhodococcus erythropolis",0.5,0,0.5,0,0.333333333333333,0.5,0.333333333333333,5,1,2.16666666666667
"Rhodococcus hoagii",0,0,0.5,0,0.333333333333333,0.5,0.333333333333333,4,1,1.66666666666667
"Gordonia terrae",0,0,0.5,0,0.333333333333333,0.5,0.333333333333333,4,1,1.66666666666667
"Streptomyces sp.",0.5,0.333333333333333,0.5,0,0.333333333333333,0.5,0.333333333333333,6,1,2.5
"Streptomyces koyangensis",0.5,0,0,0,0,0.5,0.333333333333333,3,1,1.33333333333333
"Paenarthrobacter aurescens",0.5,0,0.5,0,0,0.5,0.333333333333333,4,1,1.83333333333333
"Kocuria rhizophila",0,0,0,0,0.333333333333333,0.5,0.333333333333333,3,1,1.16666666666667
"Kocuria palustris",0.5,0,0.5,0,0,0.5,0.333333333333333,4,1,1.83333333333333
"Micrococcus luteus",0,0,0.5,0,0,0.5,0.333333333333333,3,1,1.33333333333333
"Kytococcus sedentarius",0,0,0,0,0,0.5,0.333333333333333,2,1,0.833333333333333
"Isoptericola variabilis",0,0,0.5,0,0.333333333333333,0.5,0.333333333333333,4,1,1.66666666666667
"Brevibacterium linens",0,0,0.5,0,0,0.5,0.333333333333333,3,1,1.33333333333333
"Brevibacterium epidermidis",0,0,0.5,0,0,0.5,0.333333333333333,3,1,1.33333333333333
"Brevibacterium iodinum",0,0,0,0,0,0.5,0.333333333333333,2,1,0.833333333333333
"Bifidobacterium longum",0,0,0.5,0,0,0.5,0.333333333333333,3,1,1.33333333333333
"Bifidobacterium bifidum",0,0,0,0,0,0.5,0.333333333333333,2,1,0.833333333333333
"Bifidobacterium breve",0,0,0.5,0,0,0.5,0.333333333333333,3,1,1.33333333333333
"Bifidobacterium scardovii",0,0,0,0,0,0.5,0.333333333333333,2,1,0.833333333333333
"Eggerthella lenta",0,0,0.5,0,0,0.5,0.333333333333333,3,1,1.33333333333333
"Gordonibacter pamelaeae",0,0,0.5,0,0,0.5,0.333333333333333,3,1,1.33333333333333
"Adlercreutzia equolifaciens",0,0,0.5,0,0,0.5,0.333333333333333,3,1,1.33333333333333
"Asaccharobacter celatus",0,0,0.5,0,0,0.5,0.333333333333333,3,1,1.33333333333333
"Collinsella aerofaciens",0,0,0,0,0,0.5,0.333333333333333,2,1,0.833333333333333
"Brachyspira pilosicoli",0,0,0,0,0,0.5,0.333333333333333,2,1,0.833333333333333
"Cloacibacillus porcorum",0,0,0,0,0,0.5,0.333333333333333,2,1,0.833333333333333
"Alistipes shahii",0,0,0,0,0,0.5,0.333333333333333,2,1,0.833333333333333
"Sphingobacterium multivorum",0,0,0,0,0,0.5,0.333333333333333,2,1,0.833333333333333
"Dyadobacter fermentans",0,0,0,0,0.333333333333333,0.5,0.333333333333333,3,1,1.16666666666667
"Spirosoma linguale",0,0,0.5,0,0.333333333333333,0.5,0.333333333333333,4,1,1.66666666666667
"Flavobacterium oncorhynchi",0,0,0,0,0,0.5,0.333333333333333,2,1,0.833333333333333
"Weeksella virosa",0,0,0,0,0,0.5,0.333333333333333,2,1,0.833333333333333
"Elizabethkingia miricola",0,0,0,0,0,0.5,0.333333333333333,2,1,0.833333333333333
"Elizabethkingia meningoseptica",0,0,0,0,0,0.5,0.333333333333333,2,1,0.833333333333333
"Myroides odoratimimus",0,0,0,0,0,0.5,0.333333333333333,2,1,0.833333333333333
"Chryseobacterium indologenes",0,0,0.5,0,0,0.5,0.333333333333333,3,1,1.33333333333333
"Chryseobacterium gleum",0,0,0,0,0,0.5,0.333333333333333,2,1,0.833333333333333
"Haloferax massiliensis",0,0,0,0,0,0.5,0.333333333333333,2,1,0.833333333333333
"Haloferax alexandrinus",0,0,0,0,0,0.5,0.333333333333333,2,1,0.833333333333333
"Brevibacillus brevis",0,0,0.5,0,0.333333333333333,0,0,2,1,0.833333333333333
"Brevibacillus formosus",0,0,0.5,0,0.333333333333333,0,0,2,1,0.833333333333333
"Paenibacillus glucanolyticus",0,0,0,0,0.333333333333333,0,0,1,1,0.333333333333333
"Clostridium carboxidivorans",0,0,0,0,0.333333333333333,0,0,1,1,0.333333333333333
"Clostridium saccharolyticum",0,0,0.5,0,0.333333333333333,0,0,2,1,0.833333333333333
"Cellulosimicrobium cellulans",0,0,0.5,0,0.333333333333333,0,0,2,1,0.833333333333333
"Cutibacterium acnes",0,0,0.5,0,0.333333333333333,0,0,2,1,0.833333333333333
"Propionibacterium sp.",0,0,0.5,0,0.333333333333333,0,0,2,1,0.833333333333333
"Cutibacterium avidum",0,0,0,0,0.333333333333333,0,0,1,1,0.333333333333333
"Propionibacterium freudenreichii",0,0,0,0,0.333333333333333,0,0,1,1,0.333333333333333
"Pseudopropionibacterium propionicum",0,0,0.5,0,0.333333333333333,0,0,2,1,0.833333333333333
"Acidipropionibacterium acidipropionici",0,0,0.5,0,0.333333333333333,0,0,2,1,0.833333333333333
"Micromonospora aurantiaca",0,0,0.5,0,0.333333333333333,0,0,2,1,0.833333333333333
"Pseudomonas japonica",0.5,0,0,0,0,0,0,1,1,0.5
"Streptomyces misionensis",0.5,0,0,0,0,0,0,1,1,0.5
"Dermacoccus nishinomiyaensis",0.5,0,0.5,0,0,0,0,2,1,1
"Escherichia fergusonii",0,0,0.5,0,0,0,0,1,1,0.5
"Citrobacter amalonaticus",0,0,0.5,0.5,0,0,0,2,1,1
"Serratia liquefaciens",0,0,0.5,0.5,0,0,0,2,1,1
"Serratia fonticola",0,0,0.5,0.5,0,0,0,2,1,1
"Providencia stuartii",0,0,0.5,0.5,0,0,0,2,1,1
"Vibrio furnissii",0,0,0.5,0,0,0,0,1,1,0.5
"Vibrio fluvialis",0,0,0.5,0,0,0,0,1,1,0.5
"Pseudomonas alcaliphila",0,0,0.5,0,0,0,0,1,1,0.5
"Pseudomonas alcaligenes",0,0,0.5,0,0,0,0,1,1,0.5
"Acinetobacter johnsonii",0,0,0.5,0,0,0,0,1,1,0.5
"Acinetobacter haemolyticus",0,0,0.5,0,0,0,0,1,1,0.5
"Acinetobacter junii",0,0,0.5,0,0,0,0,1,1,0.5
"Moraxella osloensis",0,0,0.5,0,0,0,0,1,1,0.5
"Shewanella xiamenensis",0,0,0.5,0,0,0,0,1,1,0.5
"Aeromonas hydrophila",0,0,0.5,0,0,0,0,1,1,0.5
"Aeromonas veronii",0,0,0.5,0,0,0,0,1,1,0.5
"Aeromonas schubertii",0,0,0.5,0,0,0,0,1,1,0.5
"Aeromonas allosaccharophila",0,0,0.5,0,0,0,0,1,1,0.5
"Aeromonas jandaei",0,0,0.5,0,0,0,0,1,1,0.5
"Aeromonas salmonicida",0,0,0.5,0,0,0,0,1,1,0.5
"Aeromonas media",0,0,0.5,0,0,0,0,1,1,0.5
"Aeromonas bestiarum",0,0,0.5,0,0,0,0,1,1,0.5
"Aeromonas caviae",0,0,0.5,0,0,0,0,1,1,0.5
"Aeromonas tecta",0,0,0.5,0,0,0,0,1,1,0.5
"Aeromonas eucrenophila",0,0,0.5,0,0,0,0,1,1,0.5
"Aeromonas enteropelogenes",0,0,0.5,0,0,0,0,1,1,0.5
"Neisseria elongata",0,0,0.5,0,0,0,0,1,1,0.5
"Neisseria flavescens",0,0,0.5,0,0,0,0,1,1,0.5
"Neisseria macacae",0,0,0.5,0,0,0,0,1,1,0.5
"Neisseria meningitidis",0,0,0.5,0,0,0,0,1,1,0.5
"Neisseria subflava",0,0,0.5,0,0,0,0,1,1,0.5
"Neisseria mucosa",0,0,0.5,0,0,0,0,1,1,0.5
"Kingella denitrificans",0,0,0.5,0,0,0,0,1,1,0.5
"Eikenella corrodens",0,0,0.5,0,0,0,0,1,1,0.5
"Comamonas kerstersii",0,0,0.5,0,0,0,0,1,1,0.5
"Helicobacter pylori",0,0,0.5,0,0,0,0,1,1,0.5
"Desulfovibrio piger",0,0,0.5,0,0,0,0,1,1,0.5
"Roseomonas mucosa",0,0,0.5,0,0,0,0,1,1,0.5
"Bacillus circulans",0,0,0.5,0,0,0,0,1,1,0.5
"Lysinibacillus varians",0,0,0.5,0,0,0,0,1,1,0.5
"Listeria innocua",0,0,0.5,0,0,0,0,1,1,0.5
"Paenibacillus lactis",0,0,0.5,0,0,0,0,1,1,0.5
"Lactococcus lactis",0,0,0.5,0,0,0,0,1,1,0.5
"Lactococcus garvieae",0,0,0.5,0,0,0,0,1,1,0.5
"Lactococcus raffinolactis",0,0,0.5,0,0,0,0,1,1,0.5
"Streptococcus pyogenes",0,0,0.5,0,0,0,0,1,1,0.5
"Streptococcus dysgalactiae",0,0,0.5,0,0,0,0,1,1,0.5
"Streptococcus agalactiae",0,0,0.5,0,0,0,0,1,1,0.5
"Streptococcus mutans",0,0,0.5,0,0,0,0,1,1,0.5
"Streptococcus equi",0,0,0.5,0,0,0,0,1,1,0.5
"Streptococcus uberis",0,0,0.5,0,0,0,0,1,1,0.5
"Streptococcus parauberis",0,0,0.5,0,0,0,0,1,1,0.5
"Streptococcus salivarius",0,0,0.5,0,0,0,0,1,1,0.5
"Streptococcus equinus",0,0,0.5,0,0,0,0,1,1,0.5
"Lactobacillus brevis",0,0,0.5,0,0,0,0,1,1,0.5
"Lactobacillus casei",0,0,0.5,0,0,0,0,1,1,0.5
"Lactobacillus paracasei",0,0,0.5,0,0,0,0,1,1,0.5
"Lactobacillus fermentum",0,0,0.5,0,0,0,0,1,1,0.5
"Lactobacillus rhamnosus",0,0,0.5,0,0,0,0,1,1,0.5
"Lactobacillus buchneri",0,0,0.5,0,0,0,0,1,1,0.5
"Lactobacillus ruminis",0,0,0.5,0,0,0,0,1,1,0.5
"Lactobacillus mucosae",0,0,0.5,0,0,0,0,1,1,0.5
"Lactobacillus oris",0,0,0.5,0,0,0,0,1,1,0.5
"Lactobacillus parabuchneri",0,0,0.5,0,0,0,0,1,1,0.5
"Enterococcus faecalis",0,0,0.5,0,0,0,0,1,1,0.5
"Enterococcus faecium",0,0,0.5,0,0,0,0,1,1,0.5
"Enterococcus hirae",0,0,0.5,0,0,0,0,1,1,0.5
"Enterococcus casseliflavus",0,0,0.5,0,0,0,0,1,1,0.5
"Enterococcus gallinarum",0,0,0.5,0,0,0,0,1,1,0.5
"Enterococcus durans",0,0,0.5,0,0,0,0,1,1,0.5
"Weissella cibaria",0,0,0.5,0,0,0,0,1,1,0.5
"Carnobacterium maltaromaticum",0,0,0.5,0,0,0,0,1,1,0.5
"Dialister pneumosintes",0,0,0.5,0,0,0,0,1,1,0.5
"Corynebacterium urealyticum",0,0,0.5,0,0,0,0,1,1,0.5
"Corynebacterium aurimucosum",0,0,0.5,0.5,0,0,0,2,1,1
"Corynebacterium amycolatum",0,0,0.5,0,0,0,0,1,1,0.5
"Corynebacterium doosanense",0,0,0.5,0,0,0,0,1,1,0.5
"Corynebacterium glaucum",0,0,0.5,0,0,0,0,1,1,0.5
"Corynebacterium striatum",0,0,0.5,0,0,0,0,1,1,0.5
"Microbacterium paraoxydans",0,0,0.5,0,0,0,0,1,1,0.5
"Microbacterium chocolatum",0,0,0.5,0,0,0,0,1,1,0.5
"Microbacterium aurum",0,0,0.5,0,0,0,0,1,1,0.5
"Helcobacillus massiliensis",0,0,0.5,0,0,0,0,1,1,0.5
"Actinomyces dentalis",0,0,0.5,0,0,0,0,1,1,0.5
"Gordonibacter urolithinfaciens",0,0,0.5,0,0,0,0,1,1,0.5
"Fusobacterium varium",0,0,0.5,0,0,0,0,1,1,0.5
"Saccharolobus solfataricus",0,0,0.5,0,0,0,0,1,1,0.5
"Yersinia pseudotuberculosis",0,0.333333333333333,0,0,0,0,0,1,1,0.333333333333333
"Enterobacter cancerogenus",0,0,0,0.5,0,0,0,1,1,0.5
"Cronobacter sakazakii",0,0,0,0.5,0,0,0,1,1,0.5
"Citrobacter koseri",0,0,0,0.5,0,0,0,1,1,0.5
"Citrobacter freundii",0,0,0,0.5,0,0,0,1,1,0.5
"Citrobacter werkmanii",0,0,0,0.5,0,0,0,1,1,0.5
"Citrobacter youngae",0,0,0,0.5,0,0,0,1,1,0.5
"Citrobacter farmeri",0,0,0,0.5,0,0,0,1,1,0.5
"Shigella flexneri",0,0,0,0.5,0,0,0,1,1,0.5
"Yersinia enterocolitica",0,0,0,0.5,0,0,0,1,1,0.5
"Yersinia intermedia",0,0,0,0.5,0,0,0,1,1,0.5
"Yersinia rohdei",0,0,0,0.5,0,0,0,1,1,0.5
"Yersinia aleksiciae",0,0,0,0.5,0,0,0,1,1,0.5
"Yersinia kristensenii",0,0,0,0.5,0,0,0,1,1,0.5
"Serratia ureilytica",0,0,0,0.5,0,0,0,1,1,0.5
"Mixta calida",0,0,0,0.5,0,0,0,1,1,0.5
"Proteus mirabilis",0,0,0,0.5,0,0,0,1,1,0.5
"Providencia rettgeri",0,0,0,0.5,0,0,0,1,1,0.5
"Morganella morganii",0,0,0,0.5,0,0,0,1,1,0.5
"Plesiomonas shigelloides",0,0,0,0.5,0,0,0,1,1,0.5
"Corynebacterium minutissimum",0,0,0,0.5,0,0,0,1,1,0.5
